G,G1
Skyfall,WW2138
KWS Barrel,WW2311
Gleam,WW2546
LG Skyscraper,WW2626
KWS Extase,WW2672
Crusoe,WW2009
RGT Illustrious,WW2265
Graham,WW2337
Costello,WW2363
KWS Zyatt,WW2417
RGT Saki,WW2702
SY Insitor,WW2745
Merit,WW2797
LG Astronomer,WW2809
LG Illuminate,WW2810
Swallow,WW2823
LG Prince,WW2838
RGT Wolverine,WW2846
KWS Cranium,WW2858
Champion,WW2895
LG Typhoon,WW2907
RGT Stokes,WW2918
RGT Bairstow,WW2919
RGT Rashid,WW2920
Mayflower,WW2929
KWS Guium,WW2965
KWS Brium,WW2969
KWS Dawsum,WW2972
KWS Palladium,WW2977
Oxford,WW3005
RGT Wilkinson,WW3018
KWS Ultimatum,WW3026
KWS Zealum,WW3027
LG Redwald,WW3065
Bamford,WW3099
Blackstone,WW3106
Almara,WW3111
LG Partridge,WW3120
LG Redrum,WW3123
LG Beowulf,WW3125
LG Grendel,WW3129
LG Arkle,WW3131
SY Cheer,WW3134
Bolinder,WW3142
KWS Dragum,WW3147
KWS Siskin,WW2315
Elation,WW2490
Elicit,WW2492
KWS Jackal,WW2565
KWS Firefly,WW2664
Theodore,WW2711
Zoom,WW3001
RGT Zinzan,WW3011
KWS Webbum,WW3032
KWS Wrenum,WW3033
SY Coach,WW3049
Gefion,WW3052
Mindful,WW3072
KWS Kerrin,WW2420
RGT Gravity,WW2517
LG Spotlight,WW2619
KWS Kinetic,WW2770
Astound,WW2796
LG Quasar,WW2836
LG Farrier,WW2899
RGT Flintoff,WW2911
KWS Henum,WW2978
Shabras,WW2404
LG Sundance,WW2455
LG Detroit,WW2629
LG Tapestry,WW2814
LG Seeker,WW2815
Banquo,WW2825
RGT Quicksilver,WW2849
RGT Galactus,WW2850
RGT Silversurfer,WW2851
KWS Plectrum,WW2856
KWS Santiago,WW1916
Viscount,WW1812
Revelation,WW2059
Leeds,WW2081
Zulu,WW2155
KWS Lili,WW2245
KWS Crispin,WW2305
KWS Basset,WW2307
Dunston,WW2382
Bennington,WW2386
LG Motown,WW2451
RGT Blossom,WW2699
RGT Lantern,WW2704
Elysium,WW2718
LG Graduate,WW2731
KWS Parkin,WW2769
JB Diego,WW1737
Myriad,WW2062
Evolution,WW2162
KWS Trinity,WW2235
Spyder,WW2300
Freiston,WW2383
Moulton,WW2385
Savello,WW2406
Hardwicke,WW2433
LG Interstellar,WW2620
LG Jigsaw,WW2622
LG Sabertooth,WW2627
LG Rhythm,WW2631
SY Loki,WW2654
SY Medea,WW2656
Cordiale,WW1388
Grafton,WW1811
Dickens,WW2031
Reflection,WW2229
Belgrade,WW2293
KWS Silverstone,WW2309
RGT Universe,WW2519
LG Generation,WW2524
Verso,WW2544
KWS Luther,WW2561
Claire,WW1070
Gallant,WW1766
Scout,WW1787
Relay,WW1988
RGT Conversion,WW2188
Britannia,WW2200
RGT Westminster,WW2367
RGT Knightsbridge,WW2368
RGT Paddington,WW2371
Marston,WW2380
Marlowe,WW2413
Stratosphere,WW2447
LG Bletchley,WW2449
LG Cassidy,WW2456
Invicta,WW1853
Solstice,WW1282
Alchemy,WW1564
KWS Gator,WW1977
Horatio,WW2018
Monterey,WW2022
Delphi,WW2023
Cougar,WW2040
KWS Croft,WW2072
KWS Kielder,WW2076
Cubanita,WW2101
KWS Cashel,WW2122
Twister,WW2125
Icon,WW2129
RGT Adventure,WW2266
RGT Marlborough,WW2271
Amplify,WW2278
Butler,WW2284
Sherlock,WW2295
Mosaic,WW2345
Panorama,WW1801
Conqueror,WW1813
Beluga,WW1885
Chilton,WW1980
Panacea,WW2157
Energise,WW2199
Jorvik,WW2202
KWS Tempo,WW2241
Ruskin,WW2249
Duxford,WW1725
KWS Sterling,WW1880
Denman,WW1895
KWS Podium,WW1907
KWS Target,WW1911
Cocoon,WW1922
Gravitas,WW1940
Tuxedo,WW1954
Weaver,WW2029
KWS Rowan,WW2078
Fugue,WW2107
Lancaster,WW2113
KWS Dali,WW2114
KWS Bonham,WW2115
KWS Evoke,WW2120
Solace,WW2132
Goldengun,WW2134
Icebreaker,WW2136
Oakley,WW1658
JB-Diego,WW1737
Warrior,WW1865
KWS-Sterling,WW1880
KWS-Podium,WW1907
KWS-Target,WW1911
KWS-Santiago,WW1916
Stigg,WW1941
KWS-Gator,WW1977
Torch,WW1986
QI,WW2033
Chronicle,WW2036
Torphins,WW2044
Coronation,WW2058
KWS-Croft,WW2072
KWS-Kielder,WW2076
KWS-Rowan,WW2078
KWS-Cleveland,WW2079
KWS-Yaris,WW2082
Havana,WW2085
Robigus,WW1330
Einstein,WW1376
Istabraq,WW1426
Gladiator,WW1442
Glasgow,WW1482
Battalion,WW1599
Timber,WW1644
Humber,WW1652
Marksman,WW1687
Ketchum,WW1765
Qplus,WW1789
Cassius,WW1798
Kingdom,WW1837
Edmunds,WW1860
KWS-Curlew,WW1877
KWS-Horizon,WW1882
KWS-Quartz,WW1883
Hereward,WW736
Malacca,WW980
Xi19,WW1281
Mascot,WW1532
Zebedee,WW1545
Buzzer,WW1667
Limerick,WW1726
Monty,WW1727
Hereford,WW1731
Walpole,WW1746
Shogun,WW1769
Lear,WW1790
Bantam,WW1795
Malacca,980
Claire,1070
Robigus,1330
Einstein,1376
Alchemy,1564
Hereward,736
Soissons,834
Consort,882
Deben,1220
Xi19,1281
Solstice,1282
Cordiale,1388
Istabraq,1426
Gladiator,1442
Ambrosia,1462
Glasgow,1482
Brompton,1502
Mascot,1532
Zebedee,1545
Gatsby,1546
Hyperion,1561
Battalion,1599
Gulliver,1621
Timber,1644
Sahara,1649
Humber,1652
Oakley,1658
Rocky,1677
Musketeer,1680
Marksman,1687
Velocity,1704
Duxford,1725
Limerick,1726
Monty,1727
Hereford,1731
JB-Diego,1737
Riband,628
Nijinsky,1427
Welford,1449
Dover,1550
Kipling,1578
Contender,1611
Benedict,1625
