"var_no","G","G1"
"V12","AG_ICON","G47"
"V13","UNCHARTED","G549"
"V14","SMOKY_HILL","G464"
"V15","ORO_BLANCO","G406"
"V16","STURDY_2K","G483"
"V17","GUYMON","G247"
"V18","SY_LCS_FLINT","G498"
"V19","ASPEN","G75"
"V20","BIG_COUNTRY","G101"
"V21","ROBIDOUX","G441"
"V22","FORTIFY_SF","G227"
"V23","DANBY","G198"
"V25","HALT","G248"
"V26","CHISHOLM","G165"
"V27","CJ","G168"
"V28","TREGO","G548"
"V29","SY_ACHIEVE_CL2","G494"
"V30","SNOWMASS_2","G468"
"V31","HAWKEN","G252"
"V32","CRESCENT_AX","G188"
"V33","KIVARI_AX","G288"
"V34","BEARPAW","G98"
"V35","CP7909","G187"
"V36","OK_RISING","G399"
"V37","RONL","G443"
"V38","PROWERS_99","G430"
"V39","BREAKTHROUGH","G128"
"V40","HATCHER","G251"
"V42","KARL_92","G284"
"V43","STRAD_CL+","G482"
"V44","KS_WESTERN_STAR","G321"
"V45","JACKPOT","G272"
"V46","INTRADA","G268"
"V47","OK_CORRAL","G398"
"V48","AM_EASTWOOD","G62"
"V49","LARRY","G326"
"V50","ABOVE","G23"
"V51","WINTERHAWK","G585"
"V53","MACE","G363"
"V54","BYRD","G147"
"V55","ARMOUR","G73"
"V56","INFINITY_CL","G266"
"V57","ROCK_STAR","G442"
"V58","AP502_CL","G71"
"V59","WB-REDHAWK","G563"
"V60","AVALANCHE","G77"
"V61","WHISTLER","G580"
"V62","WESLEY","G576"
"V63","2137","G2"
"V64","MS_MAVERICK","G381"
"V65","CO02W237","G170"
"V66","PARADISE","G411"
"V67","FANNIN","G219"
"V68","OVERLEY","G410"
"V69","SNOWMASS","G467"
"V70","2145","G3"
"V71","STARDUST","G479"
"V72","VALLEY","G552"
"V73","TAM_401","G529"
"V74","2163","G4"
"V75","AMPLIFY_SF","G64"
"V76","MONARCH","G372"
"V77","CO050233-2","G171"
"V78","AG_ROBUST","G49"
"V79","ANTERO","G67"
"V80","SY_MONUMENT","G501"
"V81","2174","G5"
"V82","LONG_BRANCH","G361"
"V83","CLARA_CL","G169"
"V84","BILL_BROWN","G102"
"V85","LAKIN","G322"
"V86","KS_DALLAS","G318"
"V87","CP7050AX","G185"
"V88","CUSTER","G196"
"V89","PRAIRIE_RED","G424"
"V90","SY_SOUTHWIND","G503"
"V91","RIPPER","G440"
"V92","BETTY","G100"
"V93","DOMINATOR","G204"
"V94","SY_GOLD","G496"
"V95","WB4721","G574"
"V96","TATANKA","G530"
"V97","WB4515","G571"
"V98","CP7869","G186"
"V99","DENALI","G202"
"V100","CO970547","G175"
"V101","STANTON","G477"
"V102","GALLAGHER","G231"
"V103","CP7017AX","G184"
"V104","YUMA","G588"
"V105","T154","G514"
"V106","BENTLEY","G99"
"V107","SPUR","G474"
"V108","T153","G513"
"V109","HEYNE","G253"
"V110","LCS_ATOMIC_AX","G327"
"V111","LCS_VALIANT","G335"
"V112","YUMAR","G589"
"V113","AP_BIGFOOT","G68"
"V114","LCS_JULEP","G330"
"V115","NUGRAIN","G390"
"V116","CUTTER","G197"
"V117","KS_AHEARN","G317"
"V118","OGALLALA","G396"
"V119","KS_HAMILTON","G319"
"V120","WB4418","G568"
"V121","WB-STOUT","G564"
"V122","SY_LEGEND_CL2","G499"
"V123","THUNDERBOLT","G538"
"V124","AG_GALLANT","G46"
"V125","T158","G515"
"V126","BOND_CL","G123"
"V127","GOODSTREAK","G241"
"V128","INCLINE_AX","G263"
"V129","WAHOO","G558"
"V130","WB4401","G567"
"V131","T163","G516"
"V132","CENTERFIELD","G161"
"V133","DUSTER","G207"
"V134","SKYDANCE","G461"
"V135","ENDURANCE","G213"
"V136","TAM_114","G524"
"V137","TAM_112","G522"
"V138","TAM_111","G521"
"V139","TAM_110","G520"
"V140","SETTLER_CL","G453"
"V141","WB4792","G575"
"V142","WB-GRAINFIELD","G562"
"V143","SY_WOLVERINE","G506"
"V144","MILLENNIUM","G370"
"V145","SCOUT_66","G452"
"V146","SY_BENEFIT","G495"
"V147","OK_BULLET","G397"
"V148","DELIVER","G201"
"V149","WB4303","G566"
"V150","AP_ROADRUNNER","G70"
"V151","ART","G74"
"V152","RUBY_LEE","G446"
"V153","KANMARK","G283"
"V154","AP_EVERROCK","G69"
"V155","IBA","G260"
"V156","T81","G517"
"V157","SY_SUNRISE","G504"
"V158","VENANGO","G553"
"V159","GARRISON","G232"
"V160","WB4699","G573"
"V161","SANTA_FE","G451"
"V162","WB4458","G569"
"V163","TAM_107","G519"
"V164","ALLIANCE","G58"
"V165","SY_GRIT","G497"
"V166","LOCKETT","G359"
"V167","LCS_WIZARD","G336"
"V168","OVERLAND","G409"
"V170","LCS_PISTOL","G333"
"V171","DOUBLESTOP_CL+","G206"
"V172","HARRY","G249"
"V173","WB4595","G572"
"V174","PROTECTION","G429"
"V175","TAM_204","G526"
"V176","TAM_203","G525"
"V177","JAGALENE","G274"
"V178","KS_SILVERADO","G320"
"V179","LCS_REVERE","G334"
"V180","COWBOY","G183"
"V181","WB4462","G570"
"V183","DOANS","G203"
"V184","BOB_DOLE","G121"
"V185","CO05W111","G172"
"V186","JAGGER","G275"
"V187","HOT_ROD","G258"
"V188","COSSACK","G182"
"V189","BRECK","G129"
"V190","BYRD_CL_PLUS","G148"
"V191","SUNSHINE","G485"
"V192","ONAGA","G404"
"V193","GUARDIAN","G245"
"V194","HIGH_COUNTRY","G254"
"V195","TAM_304","G528"
"V196","GREER","G244"
"V197","AM_CARTWRIGHT","G61"
"V198","TAM_302","G527"
"V199","OK101","G401"
"V200","OK102","G402"
"V201","BILLINGS","G103"
"V202","AKRON","G52"
"V203","THUNDER_CL","G537"
"V204","LANGIN","G324"
"V205","SPIRIT_RIDER","G472"
"V206","HITCH","G255"
"V207","PETE","G419"
"V208","NUHORIZON","G392"
"V210","STEAMBOAT","G480"
"V211","LCS_MINT","G331"
"V212","BRAWL_CL_PLUS","G126"
"V213","KEOTA","G286"
"V214","CO16SF032","G173"
"V215","WB-CEDAR","G561"
"V216","1863","G1"
"V217","FULLER","G228"
"V218","WB4269","G565"
"V219","EVEREST","G217"
"V220","AVERY","G78"
"V221","MCGILL","G367"
"V222","ZENDA","G590"
"V223","SHOCKER","G457"
"V224","CANVAS","G153"
"V225","TOMAHAWK","G542"
"V226","IKE","G262"
"V227","SHOWDOWN","G458"
"V228","OAKLEY_CL","G394"
"V229","SY_WOLF","G505"
"V230","CAMELOT","G151"
"V231","LCS_PHOTON_AX","G332"
"V232","LONERIDER","G360"
"V233","OKFIELD","G403"
"V234","NUFRONTIER","G389"
"V235","NUHILLS","G391"
"V236","CO16SF067","G174"
"V237","ANKOR","G66"
"V238","AG_RADICAL","G48"
"V239","NUDAKOTA","G388"
"V240","SY_RUGGED","G502"
"V241","JOE","G279"
"V242","NUPLAINS","G393"
"V244","CORONADO","G181"
"V245","LCS_CHROME","G328"
"V246","GREEN_HAMMER","G243"
"V247","RUTH","G448"
"V248","LCS_HELIX_AX","G329"
"V249","POSTROCK","G423"
"V251","ENHANCER","G214"
